{"song_time": [8.526678085327148, 8.471155405044556, 5.715283155441284, 30.37234401702881, 35.33700513839722, 6.541914463043213, 38.34403705596924, 5.12283730506897, 23.64552593231201, 18.914199590682983, 11.124495267868042, 11.206757068634033, 6.270916700363159, 11.093684673309326, 49.59042239189148, 10.726139307022095, 11.234397888183594, 11.977079391479492, 28.438120365142822, 9.327948331832886], "words_len_list": [1005, 1050, 822, 1942, 2076, 894, 2148, 767, 1729, 1547, 1205, 1209, 811, 1188, 2364, 1183, 1215, 1256, 1881, 1102], "ave token time:": 80.10387911419056, "ave song time": 17.099047076702117}